"","Lake_Phase","emmean","SE","df","lower.CL","upper.CL"
"1","Eutrophic",9.335632578125,0.624164834020525,70,8.09077506929196,10.580490086958
"2","Pesticide",8.29852611842105,0.693662470349423,70,6.91505994451328,9.68199229232881
"3","Recovery",11.3742019852941,0.834663894907167,70,9.70951733743577,13.0388866331524
"4","Semi-Pristine",11.705158125,0.710352807338186,70,10.2884041235939,13.1219121264061
