"","contrast","estimate","SE","df","t.ratio","p.value"
"1","Eutrophic - Pesticide",1.03710645970395,0.933139519471303,70,1.11141628670014,0.683758617755225
"2","Eutrophic - Recovery",-2.03856940716911,1.04223104803564,70,-1.95596687606969,0.21467107280157
"3","Eutrophic - (Semi-Pristine)",-2.369525546875,0.945612421090751,70,-2.50581051393316,0.0677179429248538
"4","Pesticide - Recovery",-3.07567586687306,1.08527942956313,70,-2.83399443782985,0.0298980605131318
"5","Pesticide - (Semi-Pristine)",-3.40663200657895,0.992858868955959,70,-3.43113418542677,0.00546867395876416
"6","Recovery - (Semi-Pristine)",-0.330956139705889,1.09602232110247,70,-0.301961131022392,0.990353941442308
